Year,Month,Day,Value
2011,1,1,18.7
2011,1,2,17.9
2011,1,3,15.9
2011,1,4,12.7
2011,1,5,15.9
2011,1,6,15.4
2011,1,7,12.7
2011,1,8,16.4
2011,1,9,17.1
2011,1,10,14.6
2011,1,11,12.9
2011,1,12,10.7
2011,1,13,15.1
2011,1,14,18.6
2011,1,15,16.2
2011,1,16,14.6
2011,1,17,14.4
2011,1,18,18
2011,1,19,18.4
2011,1,20,17.7
2011,1,21,16.8
2011,1,22,14.5
2011,1,23,16.8
2011,1,24,14.6
2011,1,25,15.8
2011,1,26,17.2
2011,1,27,18.4
2011,1,28,18
2011,1,29,16.3
2011,1,30,15.9
2011,1,31,15.4
2011,2,1,16.8
2011,2,2,17.6
2011,2,3,20.9
2011,2,4,22.1
2011,2,5,22.7
2011,2,6,22.1
2011,2,7,24.8
2011,2,8,22.5
2011,2,9,25.7
2011,2,10,24
2011,2,11,19.1
2011,2,12,16.2
2011,2,13,15
2011,2,14,13
2011,2,15,12.7
2011,2,16,14.8
2011,2,17,14.5
2011,2,18,15.3
2011,2,19,14
2011,2,20,16
2011,2,21,17.6
2011,2,22,19.2
2011,2,23,21.9
2011,2,24,23.3
2011,2,25,24.8
2011,2,26,23.7
2011,2,27,24.4
2011,2,28,26.3
2011,3,1,25.2
2011,3,2,19.7
2011,3,3,22.3
2011,3,4,20.8
2011,3,5,19.6
2011,3,6,23.9
2011,3,7,22.4
2011,3,8,18.2
2011,3,9,18.6
2011,3,10,18.4
2011,3,11,21.4
2011,3,12,21.6
2011,3,13,25.2
2011,3,14,26.4
2011,3,15,23.9
2011,3,16,19.9
2011,3,17,18.8
2011,3,18,17
2011,3,19,19.8
2011,3,20,24.1
2011,3,21,28.7
2011,3,22,23.5
2011,3,23,18.5
2011,3,24,19.2
2011,3,25,19.4
2011,3,26,21.2
2011,3,27,18.4
2011,3,28,21.2
2011,3,29,22.1
2011,3,30,22
2011,3,31,24
2011,4,1,25.4
2011,4,2,26.9
2011,4,3,26.4
2011,4,4,22.8
2011,4,5,22.4
2011,4,6,24.4
2011,4,7,26.3
2011,4,8,26.2
2011,4,9,27.4
2011,4,10,27.9
2011,4,11,29.1
2011,4,12,26.5
2011,4,13,27.4
2011,4,14,28.6
2011,4,15,29.8
2011,4,16,31
2011,4,17,30.3
2011,4,18,27.8
2011,4,19,30
2011,4,20,25.8
2011,4,21,28
2011,4,22,28.8
2011,4,23,23.5
2011,4,24,27.9
2011,4,25,29.6
2011,4,26,30.5
2011,4,27,30.3
2011,4,28,29.8
2011,4,29,25.5
2011,4,30,28.5
2011,5,1,29.7
2011,5,2,30.4
2011,5,3,32.2
2011,5,4,24.4
2011,5,5,27.2
2011,5,6,31.4
2011,5,7,30.7
2011,5,8,31.5
2011,5,9,32.9
2011,5,10,32.9
2011,5,11,33.6
2011,5,12,33.4
2011,5,13,29.5
2011,5,14,29.9
2011,5,15,27.7
2011,5,16,31
2011,5,17,25.5
2011,5,18,30.3
2011,5,19,30.5
2011,5,20,31.1
2011,5,21,31.1
2011,5,22,28.3
2011,5,23,25.6
2011,5,24,25.1
2011,5,25,26.1
2011,5,26,28.6
2011,5,27,30.2
2011,5,28,31.2
2011,5,29,31.8
2011,5,30,30.7
2011,5,31,32.6
2011,6,1,32.5
2011,6,2,31.7
2011,6,3,32.4
2011,6,4,32.1
2011,6,5,33.5
2011,6,6,34.3
2011,6,7,34
2011,6,8,33.1
2011,6,9,33.7
2011,6,10,34.7
2011,6,11,34.8
2011,6,12,30.8
2011,6,13,33
2011,6,14,33
2011,6,15,33.1
2011,6,16,30.3
2011,6,17,31.2
2011,6,18,33.2
2011,6,19,33.6
2011,6,20,34.3
2011,6,21,36.2
2011,6,22,29.8
2011,6,23,30.2
2011,6,24,32.8
2011,6,25,33.7
2011,6,26,30.7
2011,6,27,33.9
2011,6,28,30.1
2011,6,29,29.4
2011,6,30,29.5
2011,7,1,31.9
2011,7,2,32.1
2011,7,3,33.2
2011,7,4,33.8
2011,7,5,34.3
2011,7,6,34.1
2011,7,7,34.8
2011,7,8,35.1
2011,7,9,35.2
2011,7,10,33.9
2011,7,11,32.7
2011,7,12,30.5
2011,7,13,33
2011,7,14,31.5
2011,7,15,30.2
2011,7,16,29.7
2011,7,17,32.3
2011,7,18,32.9
2011,7,19,31
2011,7,20,30.5
2011,7,21,32.3
2011,7,22,32.5
2011,7,23,33.4
2011,7,24,33.7
2011,7,25,35.1
2011,7,26,33.6
2011,7,27,35.3
2011,7,28,36
2011,7,29,32.1
2011,7,30,33.1
2011,7,31,34.1
2011,8,1,33.8
2011,8,2,34.3
2011,8,3,34.1
2011,8,4,34.6
2011,8,5,34.5
2011,8,6,35.4
2011,8,7,35.4
2011,8,8,33.2
2011,8,9,31.5
2011,8,10,29.6
2011,8,11,32.6
2011,8,12,32.8
2011,8,13,34
2011,8,14,34.3
2011,8,15,33.8
2011,8,16,34
2011,8,17,34
2011,8,18,34.2
2011,8,19,34.5
2011,8,20,34.5
2011,8,21,31.6
2011,8,22,34.6
2011,8,23,34.5
2011,8,24,35.2
2011,8,25,33.2
2011,8,26,33.4
2011,8,27,34.8
2011,8,28,34.5
2011,8,29,35.8
2011,8,30,36
2011,8,31,36
2011,9,1,30.8
2011,9,2,33.4
2011,9,3,32
2011,9,4,33.7
2011,9,5,33.6
2011,9,6,33.4
2011,9,7,33.8
2011,9,8,33.9
2011,9,9,35.2
2011,9,10,34.4
2011,9,11,34
2011,9,12,34.1
2011,9,13,34.8
2011,9,14,34.3
2011,9,15,35.1
2011,9,16,34.4
2011,9,17,35.2
2011,9,18,32
2011,9,19,33.4
2011,9,20,28.1
2011,9,21,30.2
2011,9,22,29.4
2011,9,23,29
2011,9,24,28.8
2011,9,25,27.1
2011,9,26,32.7
2011,9,27,32.5
2011,9,28,34
2011,9,29,29.8
2011,9,30,31.1
2011,10,1,29.9
2011,10,2,29.5
2011,10,3,25.5
2011,10,4,26.4
2011,10,5,26.9
2011,10,6,28
2011,10,7,29.2
2011,10,8,29
2011,10,9,30.9
2011,10,10,30.8
2011,10,11,27.4
2011,10,12,27.6
2011,10,13,29.9
2011,10,14,29.1
2011,10,15,29.5
2011,10,16,28.8
2011,10,17,29.9
2011,10,18,28.3
2011,10,19,28
2011,10,20,27.6
2011,10,21,28.6
2011,10,22,29.7
2011,10,23,29.3
2011,10,24,30.4
2011,10,25,29
2011,10,26,25.9
2011,10,27,27.8
2011,10,28,28.1
2011,10,29,27.3
2011,10,30,27.3
2011,10,31,29.6
2011,11,1,28.1
2011,11,2,29.2
2011,11,3,30.6
2011,11,4,32.1
2011,11,5,31.2
2011,11,6,31.2
2011,11,7,30.4
2011,11,8,26.3
2011,11,9,22.9
2011,11,10,21.7
2011,11,11,22.6
2011,11,12,25.4
2011,11,13,27
2011,11,14,27
2011,11,15,28.6
2011,11,16,27.8
2011,11,17,26
2011,11,18,26.8
2011,11,19,29
2011,11,20,25.8
2011,11,21,24.6
2011,11,22,25.1
2011,11,23,26.1
2011,11,24,24
2011,11,25,23.4
2011,11,26,25.1
2011,11,27,26.5
2011,11,28,27.2
2011,11,29,27.3
2011,11,30,26.3
2011,12,1,24.5
2011,12,2,18.4
2011,12,3,19.2
2011,12,4,22.4
2011,12,5,22.6
2011,12,6,24.1
2011,12,7,25
2011,12,8,22.4
2011,12,9,16.7
2011,12,10,16.9
2011,12,11,17
2011,12,12,18.6
2011,12,13,19.8
2011,12,14,21.4
2011,12,15,22.2
2011,12,16,20.1
2011,12,17,18.1
2011,12,18,19.8
2011,12,19,19.4
2011,12,20,20.9
2011,12,21,22.6
2011,12,22,21.2
2011,12,23,17.4
2011,12,24,16.9
2011,12,25,17.4
2011,12,26,19
2011,12,27,21.3
2011,12,28,21.4
2011,12,29,23.2
2011,12,30,20.8
2011,12,31,19.7
2012,1,1,20.2
2012,1,2,19.9
2012,1,3,20.4
2012,1,4,16.9
2012,1,5,11.6
2012,1,6,13.7
2012,1,7,15.2
2012,1,8,16.8
2012,1,9,17.4
2012,1,10,18.1
2012,1,11,18.6
2012,1,12,17.3
2012,1,13,17.8
2012,1,14,20.4
2012,1,15,17.8
2012,1,16,17.3
2012,1,17,18.9
2012,1,18,23.5
2012,1,19,23.4
2012,1,20,21.4
2012,1,21,18.7
2012,1,22,17.8
2012,1,23,11.1
2012,1,24,11.3
2012,1,25,9.2
2012,1,26,12.2
2012,1,27,14.7
2012,1,28,19.7
2012,1,29,15.2
2012,1,30,17.5
2012,1,31,17.2
2012,2,1,21
2012,2,2,20.1
2012,2,3,16.9
2012,2,4,20.4
2012,2,5,21.6
2012,2,6,23.6
2012,2,7,23.5
2012,2,8,14.5
2012,2,9,14.8
2012,2,10,17
2012,2,11,15
2012,2,12,19
2012,2,13,25.1
2012,2,14,22.8
2012,2,15,25.3
2012,2,16,19.5
2012,2,17,17.8
2012,2,18,16.3
2012,2,19,17.7
2012,2,20,18.8
2012,2,21,21.3
2012,2,22,23.7
2012,2,23,27.3
2012,2,24,25
2012,2,25,19.8
2012,2,26,15.6
2012,2,27,12.4
2012,2,28,16.5
2012,2,29,17.8
2012,3,1,21.2
2012,3,2,26.8
2012,3,3,21.5
2012,3,4,24.2
2012,3,5,28
2012,3,6,26.8
2012,3,7,25.9
2012,3,8,20.2
2012,3,9,18.1
2012,3,10,15.3
2012,3,11,14.9
2012,3,12,14.8
2012,3,13,17.5
2012,3,14,20.1
2012,3,15,22.1
2012,3,16,27
2012,3,17,27.8
2012,3,18,30.1
2012,3,19,25.1
2012,3,20,26.6
2012,3,21,21.6
2012,3,22,27
2012,3,23,24.9
2012,3,24,22.1
2012,3,25,24
2012,3,26,26
2012,3,27,25.8
2012,3,28,26.4
2012,3,29,27.4
2012,3,30,27.9
2012,3,31,27
2012,4,1,25.3
2012,4,2,27.1
2012,4,3,28.1
2012,4,4,25.4
2012,4,5,25.9
2012,4,6,22.7
2012,4,7,23.7
2012,4,8,23.6
2012,4,9,27.1
2012,4,10,28.7
2012,4,11,31.1
2012,4,12,29.2
2012,4,13,30.4
2012,4,14,30.5
2012,4,15,31.1
2012,4,16,30.9
2012,4,17,25.8
2012,4,18,26.3
2012,4,19,25.6
2012,4,20,25.1
2012,4,21,27.4
2012,4,22,30.7
2012,4,23,28.2
2012,4,24,30.1
2012,4,25,31.1
2012,4,26,28.4
2012,4,27,26.2
2012,4,28,28.5
2012,4,29,31.3
2012,4,30,32
2012,5,1,32.7
2012,5,2,33
2012,5,3,32.4
2012,5,4,32.5
2012,5,5,28.8
2012,5,6,30.9
2012,5,7,31
2012,5,8,32.7
2012,5,9,34.2
2012,5,10,34.4
2012,5,11,30.6
2012,5,12,31.2
2012,5,13,32.7
2012,5,14,32.2
2012,5,15,32.4
2012,5,16,31
2012,5,17,30.7
2012,5,18,29.3
2012,5,19,31.4
2012,5,20,32.5
2012,5,21,30.2
2012,5,22,29.4
2012,5,23,30.3
2012,5,24,30.4
2012,5,25,32.8
2012,5,26,31.3
2012,5,27,31.2
2012,5,28,30.4
2012,5,29,28.9
2012,5,30,31.5
2012,5,31,32.8
2012,6,1,30.8
2012,6,2,31.7
2012,6,3,30.9
2012,6,4,32.4
2012,6,5,34.1
2012,6,6,33.7
2012,6,7,34.1
2012,6,8,34.2
2012,6,9,33.5
2012,6,10,33.5
2012,6,11,32.8
2012,6,12,32.7
2012,6,13,31
2012,6,14,32.1
2012,6,15,32.9
2012,6,16,29.7
2012,6,17,31.5
2012,6,18,31.1
2012,6,19,32.8
2012,6,20,34.2
2012,6,21,31.5
2012,6,22,31.5
2012,6,23,32.4
2012,6,24,31.5
2012,6,25,31.5
2012,6,26,32.2
2012,6,27,32.4
2012,6,28,33.2
2012,6,29,33.9
2012,6,30,29.5
2012,7,1,31.9
2012,7,2,32
2012,7,3,32.8
2012,7,4,33.8
2012,7,5,31
2012,7,6,32.1
2012,7,7,32.3
2012,7,8,31.1
2012,7,9,33.3
2012,7,10,33.6
2012,7,11,33.6
2012,7,12,33.9
2012,7,13,32.7
2012,7,14,33.9
2012,7,15,34.1
2012,7,16,33.7
2012,7,17,33.4
2012,7,18,33.2
2012,7,19,34.4
2012,7,20,34.6
2012,7,21,36.1
2012,7,22,34
2012,7,23,28.7
2012,7,24,29.6
2012,7,25,29
2012,7,26,27.7
2012,7,27,27.8
2012,7,28,32
2012,7,29,31.9
2012,7,30,33.2
2012,7,31,34.2
2012,8,1,34.8
2012,8,2,36.4
2012,8,3,33.9
2012,8,4,32.5
2012,8,5,33.6
2012,8,6,32.2
2012,8,7,34.8
2012,8,8,35.8
2012,8,9,35.5
2012,8,10,34.2
2012,8,11,30.7
2012,8,12,31
2012,8,13,32
2012,8,14,33.3
2012,8,15,34
2012,8,16,34.2
2012,8,17,31.1
2012,8,18,32.2
2012,8,19,33.5
2012,8,20,34.1
2012,8,21,33
2012,8,22,29.7
2012,8,23,33.3
2012,8,24,33.5
2012,8,25,33.2
2012,8,26,33.1
2012,8,27,35.6
2012,8,28,36
2012,8,29,34
2012,8,30,34.2
2012,8,31,32.7
2012,9,1,32.9
2012,9,2,33
2012,9,3,33.5
2012,9,4,32.7
2012,9,5,33.1
2012,9,6,34
2012,9,7,33.2
2012,9,8,32.9
2012,9,9,33.1
2012,9,10,32.9
2012,9,11,33.9
2012,9,12,33.5
2012,9,13,33.5
2012,9,14,30
2012,9,15,29.6
2012,9,16,30.3
2012,9,17,30.7
2012,9,18,30.9
2012,9,19,31.3
2012,9,20,30.6
2012,9,21,32.1
2012,9,22,32.1
2012,9,23,33.4
2012,9,24,33.1
2012,9,25,31.4
2012,9,26,30.8
2012,9,27,33.1
2012,9,28,32.6
2012,9,29,30.9
2012,9,30,29.9
2012,10,1,29.8
2012,10,2,30.4
2012,10,3,30.2
2012,10,4,30.7
2012,10,5,31.7
2012,10,6,32
2012,10,7,31.6
2012,10,8,30.7
2012,10,9,30.8
2012,10,10,30.4
2012,10,11,30.6
2012,10,12,29.4
2012,10,13,29.3
2012,10,14,30
2012,10,15,30.4
2012,10,16,29.8
2012,10,17,30.6
2012,10,18,27.1
2012,10,19,28.6
2012,10,20,29.4
2012,10,21,30.2
2012,10,22,30.3
2012,10,23,30.7
2012,10,24,30.2
2012,10,25,30.9
2012,10,26,29
2012,10,27,30.6
2012,10,28,31
2012,10,29,28.2
2012,10,30,26.7
2012,10,31,25.3
2012,11,1,24.9
2012,11,2,26.4
2012,11,3,28.6
2012,11,4,28.2
2012,11,5,27.9
2012,11,6,27.6
2012,11,7,26.9
2012,11,8,28.5
2012,11,9,28.7
2012,11,10,30
2012,11,11,26.2
2012,11,12,24.2
2012,11,13,26.4
2012,11,14,27.6
2012,11,15,25.3
2012,11,16,25.8
2012,11,17,24.5
2012,11,18,22.6
2012,11,19,26
2012,11,20,24.2
2012,11,21,25.7
2012,11,22,29.9
2012,11,23,27.7
2012,11,24,22.2
2012,11,25,25.3
2012,11,26,23.5
2012,11,27,20.2
2012,11,28,21.3
2012,11,29,23
2012,11,30,23.4
2012,12,1,25.3
2012,12,2,19.2
2012,12,3,18.3
2012,12,4,19.1
2012,12,5,18.3
2012,12,6,20.1
2012,12,7,22.4
2012,12,8,22.3
2012,12,9,23.9
2012,12,10,21.6
2012,12,11,21.8
2012,12,12,22.5
2012,12,13,23.7
2012,12,14,24.7
2012,12,15,25.9
2012,12,16,26.9
2012,12,17,25.2
2012,12,18,21.8
2012,12,19,18.6
2012,12,20,20.8
2012,12,21,26
2012,12,22,19
2012,12,23,16.7
2012,12,24,17.4
2012,12,25,20.6
2012,12,26,22.1
2012,12,27,20.3
2012,12,28,23.5
2012,12,29,21.8
2012,12,30,13.4
2012,12,31,13.5
2013,1,1,17.1
2013,1,2,20.2
2013,1,3,19.9
2013,1,4,13.8
2013,1,5,14.9
2013,1,6,14.5
2013,1,7,16.5
2013,1,8,18.9
2013,1,9,17.4
2013,1,10,16.7
2013,1,11,18.6
2013,1,12,18.2
2013,1,13,19.5
2013,1,14,19
2013,1,15,18.6
2013,1,16,21.7
2013,1,17,22.2
2013,1,18,17.4
2013,1,19,18.6
2013,1,20,21.3
2013,1,21,24.8
2013,1,22,25.3
2013,1,23,21.4
2013,1,24,23.4
2013,1,25,21
2013,1,26,22.3
2013,1,27,19.2
2013,1,28,21.7
2013,1,29,22
2013,1,30,22.6
2013,1,31,23.7
2013,2,1,25.5
2013,2,2,27.2
2013,2,3,22.1
2013,2,4,24.7
2013,2,5,27.5
2013,2,6,25.6
2013,2,7,25.8
2013,2,8,20.1
2013,2,9,15.1
2013,2,10,17.6
2013,2,11,23
2013,2,12,22.4
2013,2,13,20.1
2013,2,14,23.2
2013,2,15,25.1
2013,2,16,20.5
2013,2,17,22.1
2013,2,18,24
2013,2,19,24.2
2013,2,20,19.1
2013,2,21,21
2013,2,22,21.8
2013,2,23,21
2013,2,24,21.7
2013,2,25,24.4
2013,2,26,26.6
2013,2,27,26
2013,2,28,23.3
2013,3,1,25.8
2013,3,2,24.1
2013,3,3,17.2
2013,3,4,20.5
2013,3,5,24.3
2013,3,6,24.3
2013,3,7,25.8
2013,3,8,27
2013,3,9,26.5
2013,3,10,26
2013,3,11,25.5
2013,3,12,25.8
2013,3,13,27.4
2013,3,14,22.9
2013,3,15,24.1
2013,3,16,25.7
2013,3,17,26.4
2013,3,18,28.3
2013,3,19,26.5
2013,3,20,29.8
2013,3,21,25.6
2013,3,22,27.4
2013,3,23,27.7
2013,3,24,26.9
2013,3,25,24.8
2013,3,26,24.8
2013,3,27,22.3
2013,3,28,22.9
2013,3,29,22.5
2013,3,30,21.9
2013,3,31,23.8
2013,4,1,23.6
2013,4,2,24.1
2013,4,3,22
2013,4,4,25.2
2013,4,5,28.9
2013,4,6,24
2013,4,7,21.1
2013,4,8,21.1
2013,4,9,22
2013,4,10,20.8
2013,4,11,20.4
2013,4,12,21.5
2013,4,13,23.6
2013,4,14,25.6
2013,4,15,28
2013,4,16,27.1
2013,4,17,28.1
2013,4,18,30.4
2013,4,19,28.5
2013,4,20,30.6
2013,4,21,25.5
2013,4,22,23.7
2013,4,23,29.2
2013,4,24,28.9
2013,4,25,31.7
2013,4,26,25
2013,4,27,25.2
2013,4,28,25.9
2013,4,29,27.3
2013,4,30,31
2013,5,1,26.3
2013,5,2,24
2013,5,3,23.8
2013,5,4,24.2
2013,5,5,26.3
2013,5,6,26.6
2013,5,7,28.7
2013,5,8,25.5
2013,5,9,31.5
2013,5,10,29.1
2013,5,11,29.8
2013,5,12,29.6
2013,5,13,30.8
2013,5,14,31
2013,5,15,31.9
2013,5,16,31.3
2013,5,17,30.4
2013,5,18,32.9
2013,5,19,32.9
2013,5,20,32.9
2013,5,21,30.8
2013,5,22,28.1
2013,5,23,30.8
2013,5,24,31.7
2013,5,25,28.4
2013,5,26,30.9
2013,5,27,31.3
2013,5,28,32.9
2013,5,29,32.5
2013,5,30,32.7
2013,5,31,33.9
2013,6,1,34.5
2013,6,2,34.7
2013,6,3,34.9
2013,6,4,32.7
2013,6,5,31.1
2013,6,6,31.2
2013,6,7,33.7
2013,6,8,33.3
2013,6,9,33.4
2013,6,10,33.1
2013,6,11,28.7
2013,6,12,29
2013,6,13,28.4
2013,6,14,27.5
2013,6,15,28.2
2013,6,16,32
2013,6,17,32.9
2013,6,18,32.6
2013,6,19,34.1
2013,6,20,34.7
2013,6,21,35.9
2013,6,22,32.1
2013,6,23,30.9
2013,6,24,31
2013,6,25,33.1
2013,6,26,32.8
2013,6,27,33.3
2013,6,28,33
2013,6,29,33.5
2013,6,30,34.1
2013,7,1,34.8
2013,7,2,32.1
2013,7,3,32.9
2013,7,4,33.1
2013,7,5,34.3
2013,7,6,31.5
2013,7,7,32.1
2013,7,8,31.7
2013,7,9,32.6
2013,7,10,31.2
2013,7,11,33.6
2013,7,12,33.7
2013,7,13,34.9
2013,7,14,33.7
2013,7,15,31.7
2013,7,16,28.7
2013,7,17,32
2013,7,18,31.9
2013,7,19,32.5
2013,7,20,31.8
2013,7,21,32.7
2013,7,22,33.1
2013,7,23,32.7
2013,7,24,29.5
2013,7,25,29
2013,7,26,29.2
2013,7,27,31.5
2013,7,28,32
2013,7,29,32.4
2013,7,30,33.1
2013,7,31,34
2013,8,1,33.2
2013,8,2,31
2013,8,3,31.7
2013,8,4,33.7
2013,8,5,33.3
2013,8,6,34.5
2013,8,7,33.2
2013,8,8,33.3
2013,8,9,33.4
2013,8,10,34.1
2013,8,11,34.2
2013,8,12,35
2013,8,13,32.3
2013,8,14,29.3
2013,8,15,30.5
2013,8,16,29.9
2013,8,17,31
2013,8,18,30.7
2013,8,19,31.4
2013,8,20,32.3
2013,8,21,32.7
2013,8,22,32.5
2013,8,23,30.5
2013,8,24,30.9
2013,8,25,32
2013,8,26,33.2
2013,8,27,33.6
2013,8,28,33.7
2013,8,29,33.9
2013,8,30,30.9
2013,8,31,32.2
2013,9,1,31.4
2013,9,2,32.3
2013,9,3,28.2
2013,9,4,28.1
2013,9,5,27.4
2013,9,6,31.3
2013,9,7,32.6
2013,9,8,32.9
2013,9,9,33.5
2013,9,10,33.9
2013,9,11,33.7
2013,9,12,33.9
2013,9,13,33.6
2013,9,14,33.4
2013,9,15,32.9
2013,9,16,33.7
2013,9,17,32.7
2013,9,18,32.7
2013,9,19,34.6
2013,9,20,33.7
2013,9,21,34
2013,9,22,31.3
2013,9,23,32.8
2013,9,24,32.4
2013,9,25,32.9
2013,9,26,31.1
2013,9,27,29.4
2013,9,28,30.5
2013,9,29,28.1
2013,9,30,28.5
2013,10,1,31.9
2013,10,2,32.5
2013,10,3,30.4
2013,10,4,30.6
2013,10,5,29.9
2013,10,6,30.6
2013,10,7,31.3
2013,10,8,29.5
2013,10,9,31.6
2013,10,10,32.1
2013,10,11,32
2013,10,12,33
2013,10,13,32.5
2013,10,14,30.4
2013,10,15,32.4
2013,10,16,29.8
2013,10,17,27.8
2013,10,18,29.6
2013,10,19,28.8
2013,10,20,28.7
2013,10,21,28.3
2013,10,22,28.9
2013,10,23,29.1
2013,10,24,28.3
2013,10,25,29.1
2013,10,26,26.1
2013,10,27,26.9
2013,10,28,28.1
2013,10,29,28.1
2013,10,30,28.9
2013,10,31,28.7
2013,11,1,31.6
2013,11,2,29.5
2013,11,3,29.2
2013,11,4,26.2
2013,11,5,25.4
2013,11,6,27.9
2013,11,7,28.9
2013,11,8,28.8
2013,11,9,31.1
2013,11,10,28.2
2013,11,11,26.5
2013,11,12,25.4
2013,11,13,23
2013,11,14,22.3
2013,11,15,24.8
2013,11,16,24
2013,11,17,25.1
2013,11,18,25.9
2013,11,19,22.9
2013,11,20,22.7
2013,11,21,25.3
2013,11,22,24.9
2013,11,23,26.2
2013,11,24,27.4
2013,11,25,23
2013,11,26,24.4
2013,11,27,24.9
2013,11,28,20.7
2013,11,29,19.5
2013,11,30,19.6
2013,12,1,21.6
2013,12,2,22.3
2013,12,3,24.4
2013,12,4,25.4
2013,12,5,22.2
2013,12,6,22.8
2013,12,7,22.6
2013,12,8,24
2013,12,9,24.3
2013,12,10,22.9
2013,12,11,22
2013,12,12,21
2013,12,13,20.2
2013,12,14,21.5
2013,12,15,18.6
2013,12,16,16.2
2013,12,17,12.9
2013,12,18,13.7
2013,12,19,15.4
2013,12,20,17.2
2013,12,21,16.9
2013,12,22,16.1
2013,12,23,17.7
2013,12,24,17.3
2013,12,25,17.9
2013,12,26,19.1
2013,12,27,16.5
2013,12,28,14.5
2013,12,29,15.5
2013,12,30,17.6
2013,12,31,18.7
2014,1,1,19.5
2014,1,2,20.6
2014,1,3,23.9
2014,1,4,21.7
2014,1,5,21.1
2014,1,6,21.3
2014,1,7,21.6
2014,1,8,21.5
2014,1,9,17.3
2014,1,10,18
2014,1,11,22.6
2014,1,12,20.6
2014,1,13,15.9
2014,1,14,17.3
2014,1,15,18.5
2014,1,16,18.9
2014,1,17,19.4
2014,1,18,20.4
2014,1,19,17.8
2014,1,20,21.5
2014,1,21,19.1
2014,1,22,17.1
2014,1,23,18
2014,1,24,22.2
2014,1,25,21.7
2014,1,26,23.7
2014,1,27,21.6
2014,1,28,20.8
2014,1,29,24.4
2014,1,30,22.6
2014,1,31,24.8
2014,2,1,24
2014,2,2,25.1
2014,2,3,26.4
2014,2,4,21.3
2014,2,5,22.1
2014,2,6,23.2
2014,2,7,24.9
2014,2,8,17.7
2014,2,9,17.5
2014,2,10,9.9
2014,2,11,9.4
2014,2,12,9.6
2014,2,13,8.8
2014,2,14,13.9
2014,2,15,15.5
2014,2,16,17.6
2014,2,17,24
2014,2,18,20.2
2014,2,19,11.5
2014,2,20,16.1
2014,2,21,17.5
2014,2,22,18.7
2014,2,23,21.6
2014,2,24,21.5
2014,2,25,23.9
2014,2,26,24.8
2014,2,27,24.8
2014,2,28,22.1
2014,3,1,25.6
2014,3,2,22.5
2014,3,3,18.1
2014,3,4,19.9
2014,3,5,18.9
2014,3,6,18.5
2014,3,7,18
2014,3,8,18.2
2014,3,9,17.3
2014,3,10,17
2014,3,11,18
2014,3,12,24.3
2014,3,13,23.3
2014,3,14,21.3
2014,3,15,20
2014,3,16,22.6
2014,3,17,25.2
2014,3,18,26.7
2014,3,19,27.1
2014,3,20,27.1
2014,3,21,19.4
2014,3,22,20.6
2014,3,23,24.7
2014,3,24,25
2014,3,25,27.5
2014,3,26,26.4
2014,3,27,28.4
2014,3,28,28.8
2014,3,29,25.9
2014,3,30,26.3
2014,3,31,23.8
2014,4,1,24
2014,4,2,24
2014,4,3,23
2014,4,4,25.2
2014,4,5,27.7
2014,4,6,23.9
2014,4,7,23.2
2014,4,8,24.1
2014,4,9,27.3
2014,4,10,26
2014,4,11,27.8
2014,4,12,29.8
2014,4,13,30.7
2014,4,14,26.9
2014,4,15,26.7
2014,4,16,27.1
2014,4,17,30
2014,4,18,29.3
2014,4,19,29.3
2014,4,20,29
2014,4,21,28
2014,4,22,29.4
2014,4,23,27.2
2014,4,24,25.1
2014,4,25,28.8
2014,4,26,29.8
2014,4,27,29.7
2014,4,28,28.8
2014,4,29,28.3
2014,4,30,26.3
2014,5,1,27.4
2014,5,2,29.8
2014,5,3,30.8
2014,5,4,26.8
2014,5,5,25.7
2014,5,6,21.7
2014,5,7,23.2
2014,5,8,27
2014,5,9,24.4
2014,5,10,28
2014,5,11,28.3
2014,5,12,30.5
2014,5,13,31.7
2014,5,14,32.7
2014,5,15,32.4
2014,5,16,32.2
2014,5,17,32.3
2014,5,18,31.9
2014,5,19,32.9
2014,5,20,33.3
2014,5,21,31.8
2014,5,22,31.5
2014,5,23,30.2
2014,5,24,32.4
2014,5,25,34.1
2014,5,26,33.6
2014,5,27,34.1
2014,5,28,33.2
2014,5,29,34
2014,5,30,34.4
2014,5,31,34.6
2014,6,1,35.4
2014,6,2,34.4
2014,6,3,33.7
2014,6,4,35.8
2014,6,5,34.6
2014,6,6,32.4
2014,6,7,30.5
2014,6,8,33.8
2014,6,9,32.9
2014,6,10,32.9
2014,6,11,31.4
2014,6,12,34.1
2014,6,13,36.4
2014,6,14,34.8
2014,6,15,33.1
2014,6,16,35.1
2014,6,17,33.8
2014,6,18,34.5
2014,6,19,33.5
2014,6,20,32.6
2014,6,21,33
2014,6,22,29.6
2014,6,23,31.3
2014,6,24,30.6
2014,6,25,30.8
2014,6,26,34.4
2014,6,27,34.4
2014,6,28,34.5
2014,6,29,34.5
2014,6,30,33.5
2014,7,1,32.5
2014,7,2,34.1
2014,7,3,34.4
2014,7,4,34.4
2014,7,5,35
2014,7,6,35.4
2014,7,7,32.3
2014,7,8,35.7
2014,7,9,35.2
2014,7,10,33.9
2014,7,11,32.1
2014,7,12,33.1
2014,7,13,33.9
2014,7,14,33.8
2014,7,15,34
2014,7,16,34.3
2014,7,17,35.1
2014,7,18,31.6
2014,7,19,33.4
2014,7,20,34
2014,7,21,33.3
2014,7,22,35
2014,7,23,34.6
2014,7,24,33.6
2014,7,25,33.9
2014,7,26,31.7
2014,7,27,32.2
2014,7,28,33.6
2014,7,29,34.3
2014,7,30,34.3
2014,7,31,35.3
2014,8,1,36.3
2014,8,2,35.3
2014,8,3,33.9
2014,8,4,34.4
2014,8,5,33.8
2014,8,6,33.1
2014,8,7,33.4
2014,8,8,33.5
2014,8,9,33.9
2014,8,10,34.2
2014,8,11,33.3
2014,8,12,33.8
2014,8,13,30.4
2014,8,14,31.9
2014,8,15,34
2014,8,16,33.7
2014,8,17,34.1
2014,8,18,34.5
2014,8,19,34
2014,8,20,28.8
2014,8,21,31.8
2014,8,22,31.8
2014,8,23,32.9
2014,8,24,33.8
2014,8,25,33.8
2014,8,26,34.9
2014,8,27,33.7
2014,8,28,32.8
2014,8,29,34.2
2014,8,30,35.4
2014,8,31,34
2014,9,1,33.8
2014,9,2,34.3
2014,9,3,35
2014,9,4,34.8
2014,9,5,34.3
2014,9,6,33.9
2014,9,7,35
2014,9,8,32
2014,9,9,34.5
2014,9,10,34.9
2014,9,11,33.5
2014,9,12,31.9
2014,9,13,33.4
2014,9,14,34.2
2014,9,15,35.1
2014,9,16,31
2014,9,17,32.1
2014,9,18,32.9
2014,9,19,34.9
2014,9,20,33
2014,9,21,30.1
2014,9,22,30.9
2014,9,23,32
2014,9,24,32.7
2014,9,25,32
2014,9,26,33
2014,9,27,33.6
2014,9,28,33.4
2014,9,29,34.3
2014,9,30,34.9
2014,10,1,33.5
2014,10,2,33.1
2014,10,3,33.3
2014,10,4,31.4
2014,10,5,32.6
2014,10,6,32.5
2014,10,7,31.2
2014,10,8,31.2
2014,10,9,31.4
2014,10,10,30.6
2014,10,11,32
2014,10,12,31.6
2014,10,13,29.9
2014,10,14,29.3
2014,10,15,29.4
2014,10,16,30
2014,10,17,29
2014,10,18,30.8
2014,10,19,30.9
2014,10,20,30.6
2014,10,21,32.4
2014,10,22,32.2
2014,10,23,28.1
2014,10,24,27.8
2014,10,25,29
2014,10,26,31
2014,10,27,32.9
2014,10,28,29.7
2014,10,29,30.4
2014,10,30,30.7
2014,10,31,30
2014,11,1,30.4
2014,11,2,28.6
2014,11,3,23.8
2014,11,4,25.5
2014,11,5,27.5
2014,11,6,28.2
2014,11,7,26.6
2014,11,8,23.8
2014,11,9,25.8
2014,11,10,26.6
2014,11,11,27.3
2014,11,12,24.5
2014,11,13,22.4
2014,11,14,24
2014,11,15,27.5
2014,11,16,27.4
2014,11,17,25.3
2014,11,18,24.1
2014,11,19,24.2
2014,11,20,26.4
2014,11,21,27.8
2014,11,22,28.4
2014,11,23,28.5
2014,11,24,28.9
2014,11,25,28
2014,11,26,26.6
2014,11,27,25.7
2014,11,28,27.8
2014,11,29,27.3
2014,11,30,28.9
2014,12,1,26.3
2014,12,2,17.9
2014,12,3,21.4
2014,12,4,18.3
2014,12,5,18.2
2014,12,6,21.5
2014,12,7,19.9
2014,12,8,20.6
2014,12,9,23.9
2014,12,10,22.6
2014,12,11,21.4
2014,12,12,17.9
2014,12,13,18.4
2014,12,14,19.9
2014,12,15,22
2014,12,16,20.2
2014,12,17,17.4
2014,12,18,16.8
2014,12,19,15.6
2014,12,20,19.5
2014,12,21,21.1
2014,12,22,17.6
2014,12,23,16.5
2014,12,24,20.7
2014,12,25,21.3
2014,12,26,19.1
2014,12,27,18.3
2014,12,28,16.2
2014,12,29,18.9
2014,12,30,19.9
2014,12,31,21.4
2015,1,1,21
2015,1,2,19.3
2015,1,3,21.3
2015,1,4,21.2
2015,1,5,23.6
2015,1,6,25.1
2015,1,7,20.8
2015,1,8,18.8
2015,1,9,18.7
2015,1,10,22.2
2015,1,11,19.6
2015,1,12,18.7
2015,1,13,15
2015,1,14,17.5
2015,1,15,18
2015,1,16,20.8
2015,1,17,20.7
2015,1,18,20.9
2015,1,19,19.9
2015,1,20,20
2015,1,21,22
2015,1,22,23.3
2015,1,23,22.1
2015,1,24,21.7
2015,1,25,23.1
2015,1,26,23.8
2015,1,27,23
2015,1,28,21.1
2015,1,29,22.1
2015,1,30,19.1
2015,1,31,17.8
2015,2,1,18
2015,2,2,20
2015,2,3,21.5
2015,2,4,18.8
2015,2,5,16.4
2015,2,6,15.8
2015,2,7,19.1
2015,2,8,20.5
2015,2,9,18.9
2015,2,10,19.1
2015,2,11,18.7
2015,2,12,22.1
2015,2,13,23.1
2015,2,14,22.6
2015,2,15,20.9
2015,2,16,23.1
2015,2,17,24
2015,2,18,21.9
2015,2,19,20.3
2015,2,20,22.6
2015,2,21,24.6
2015,2,22,24.9
2015,2,23,23.1
2015,2,24,25.1
2015,2,25,26.9
2015,2,26,28.2
2015,2,27,23.3
2015,2,28,23.4
2015,3,1,22.7
2015,3,2,20.5
2015,3,3,24.9
2015,3,4,19.1
2015,3,5,22.6
2015,3,6,19.5
2015,3,7,20.7
2015,3,8,24.1
2015,3,9,25.7
2015,3,10,22
2015,3,11,19.1
2015,3,12,17.8
2015,3,13,20.9
2015,3,14,24.2
2015,3,15,26.6
2015,3,16,27.7
2015,3,17,27.8
2015,3,18,27.3
2015,3,19,28.8
2015,3,20,29
2015,3,21,27.1
2015,3,22,25
2015,3,23,26.6
2015,3,24,24.2
2015,3,25,20.6
2015,3,26,22
2015,3,27,23.3
2015,3,28,26.3
2015,3,29,26.9
2015,3,30,28.8
2015,3,31,27.6
2015,4,1,28.2
2015,4,2,28.5
2015,4,3,28.5
2015,4,4,29.6
2015,4,5,31.1
2015,4,6,30.9
2015,4,7,30.2
2015,4,8,22.2
2015,4,9,19.8
2015,4,10,19.4
2015,4,11,18.2
2015,4,12,24
2015,4,13,26.6
2015,4,14,26.1
2015,4,15,27.5
2015,4,16,28.2
2015,4,17,27
2015,4,18,29.8
2015,4,19,29.6
2015,4,20,30.7
2015,4,21,26.9
2015,4,22,27
2015,4,23,25.6
2015,4,24,28
2015,4,25,28.6
2015,4,26,29
2015,4,27,29.6
2015,4,28,30.5
2015,4,29,31.8
2015,4,30,32.1
2015,5,1,30.8
2015,5,2,31.9
2015,5,3,33.6
2015,5,4,33.5
2015,5,5,31.3
2015,5,6,29.7
2015,5,7,32.6
2015,5,8,32.1
2015,5,9,33.5
2015,5,10,30.1
2015,5,11,30.7
2015,5,12,29.1
2015,5,13,29.8
2015,5,14,31.6
2015,5,15,33.1
2015,5,16,30
2015,5,17,30.7
2015,5,18,30.8
2015,5,19,30.2
2015,5,20,31.3
2015,5,21,27.8
2015,5,22,26.9
2015,5,23,30.4
2015,5,24,29.4
2015,5,25,33.6
2015,5,26,31.2
2015,5,27,33.7
2015,5,28,33.7
2015,5,29,34.3
2015,5,30,34.1
2015,5,31,32.7
2015,6,1,32.7
2015,6,2,32.9
2015,6,3,33.9
2015,6,4,34.1
2015,6,5,33.1
2015,6,6,33.5
2015,6,7,33.5
2015,6,8,33.9
2015,6,9,33.9
2015,6,10,33.8
2015,6,11,33.8
2015,6,12,33.2
2015,6,13,34
2015,6,14,32.9
2015,6,15,34
2015,6,16,34.4
2015,6,17,34.9
2015,6,18,35.4
2015,6,19,36
2015,6,20,34.9
2015,6,21,34.9
2015,6,22,31.9
2015,6,23,32
2015,6,24,31.6
2015,6,25,30.9
2015,6,26,33.7
2015,6,27,33.9
2015,6,28,34.6
2015,6,29,34.2
2015,6,30,34.8
2015,7,1,35.3
2015,7,2,35.1
2015,7,3,34.6
2015,7,4,35.2
2015,7,5,35
2015,7,6,32.4
2015,7,7,33
2015,7,8,31.2
2015,7,9,31.6
2015,7,10,34
2015,7,11,34.7
2015,7,12,35.5
2015,7,13,35
2015,7,14,34.8
2015,7,15,35
2015,7,16,34.3
2015,7,17,31.2
2015,7,18,33.9
2015,7,19,35.9
2015,7,20,31.1
2015,7,21,29.3
2015,7,22,30.3
2015,7,23,31.1
2015,7,24,30.9
2015,7,25,31.9
2015,7,26,32.7
2015,7,27,32.9
2015,7,28,33.2
2015,7,29,31.5
2015,7,30,32.1
2015,7,31,33
2015,8,1,34.5
2015,8,2,33
2015,8,3,33.5
2015,8,4,34.1
2015,8,5,34.2
2015,8,6,35.3
2015,8,7,36.3
2015,8,8,36.3
2015,8,9,37.7
2015,8,10,32
2015,8,11,33.9
2015,8,12,34.3
2015,8,13,31.4
2015,8,14,31.1
2015,8,15,30
2015,8,16,33.4
2015,8,17,33.6
2015,8,18,34.2
2015,8,19,34.1
2015,8,20,33
2015,8,21,34.3
2015,8,22,33.8
2015,8,23,34.7
2015,8,24,34.8
2015,8,25,35.2
2015,8,26,32.8
2015,8,27,32.4
2015,8,28,31.7
2015,8,29,32
2015,8,30,28.6
2015,8,31,31
2015,9,1,30.5
2015,9,2,29.4
2015,9,3,30.8
2015,9,4,33.4
2015,9,5,33.4
2015,9,6,34.3
2015,9,7,30.7
2015,9,8,32.8
2015,9,9,32.8
2015,9,10,33.2
2015,9,11,32.7
2015,9,12,31.1
2015,9,13,33.2
2015,9,14,33.2
2015,9,15,34.1
2015,9,16,31.9
2015,9,17,32.4
2015,9,18,32.6
2015,9,19,33.2
2015,9,20,33.9
2015,9,21,29.2
2015,9,22,33
2015,9,23,34
2015,9,24,34
2015,9,25,33.7
2015,9,26,34.1
2015,9,27,32.3
2015,9,28,32.2
2015,9,29,33.3
2015,9,30,34.2
2015,10,1,33.9
2015,10,2,32
2015,10,3,31.4
2015,10,4,29.1
2015,10,5,30.3
2015,10,6,29.8
2015,10,7,29.5
2015,10,8,30.7
2015,10,9,30
2015,10,10,27
2015,10,11,23.5
2015,10,12,26.6
2015,10,13,29.3
2015,10,14,29.1
2015,10,15,28.8
2015,10,16,29.8
2015,10,17,30.3
2015,10,18,29.4
2015,10,19,28.2
2015,10,20,29.1
2015,10,21,30.1
2015,10,22,30.9
2015,10,23,30.5
2015,10,24,30.3
2015,10,25,30.4
2015,10,26,27.9
2015,10,27,31
2015,10,28,31.5
2015,10,29,31
2015,10,30,30.8
2015,10,31,30.3
2015,11,1,25
2015,11,2,26
2015,11,3,27.7
2015,11,4,28.6
2015,11,5,30.9
2015,11,6,30.1
2015,11,7,29.8
2015,11,8,31
2015,11,9,30.7
2015,11,10,28.1
2015,11,11,27.7
2015,11,12,26.5
2015,11,13,27
2015,11,14,26.9
2015,11,15,28.7
2015,11,16,30.2
2015,11,17,31.1
2015,11,18,30.7
2015,11,19,31.2
2015,11,20,28.4
2015,11,21,28.9
2015,11,22,30.4
2015,11,23,28.6
2015,11,24,29.4
2015,11,25,26
2015,11,26,22.9
2015,11,27,22.5
2015,11,28,25.9
2015,11,29,24.6
2015,11,30,24.8
2015,12,1,27
2015,12,2,28.4
2015,12,3,22.7
2015,12,4,22.4
2015,12,5,22.4
2015,12,6,18.1
2015,12,7,19.9
2015,12,8,19.9
2015,12,9,19.2
2015,12,10,21.6
2015,12,11,22.5
2015,12,12,23.9
2015,12,13,24.6
2015,12,14,22.8
2015,12,15,20.4
2015,12,16,18.6
2015,12,17,16.4
2015,12,18,18.7
2015,12,19,20.6
2015,12,20,19
2015,12,21,24.4
2015,12,22,23.3
2015,12,23,25.7
2015,12,24,28.5
2015,12,25,20.5
2015,12,26,19.2
2015,12,27,18.6
2015,12,28,20.2
2015,12,29,21.5
2015,12,30,19.3
2015,12,31,19.7
2016,1,1,21.4
2016,1,2,21.8
2016,1,3,21.6
2016,1,4,25.4
2016,1,5,24.7
2016,1,6,24.1
2016,1,7,21.1
2016,1,8,21.6
2016,1,9,21.7
2016,1,10,21.1
2016,1,11,21.2
2016,1,12,19.1
2016,1,13,19.9
2016,1,14,19.6
2016,1,15,17.8
2016,1,16,19.5
2016,1,17,19.9
2016,1,18,18.7
2016,1,19,19.1
2016,1,20,18.1
2016,1,21,17.3
2016,1,22,16
2016,1,23,10.3
2016,1,24,7.9
2016,1,25,11
2016,1,26,13.1
2016,1,27,17.5
2016,1,28,19.4
2016,1,29,20.1
2016,1,30,18.6
2016,1,31,17.9
2016,2,1,17
2016,2,2,11.1
2016,2,3,15.1
2016,2,4,17.2
2016,2,5,16.7
2016,2,6,18.3
2016,2,7,19.2
2016,2,8,21.9
2016,2,9,22.1
2016,2,10,19.8
2016,2,11,23.2
2016,2,12,26.6
2016,2,13,28.4
2016,2,14,24.4
2016,2,15,17.5
2016,2,16,13.5
2016,2,17,14.5
2016,2,18,15.9
2016,2,19,17.3
2016,2,20,21.1
2016,2,21,17.9
2016,2,22,19.2
2016,2,23,16.1
2016,2,24,16.1
2016,2,25,16.2
2016,2,26,15.7
2016,2,27,17.8
2016,2,28,20.2
2016,2,29,24.9
2016,3,1,21.6
2016,3,2,22.3
2016,3,3,23.1
2016,3,4,23.9
2016,3,5,24.4
2016,3,6,25.2
2016,3,7,24
2016,3,8,25.5
2016,3,9,25.7
2016,3,10,19.1
2016,3,11,13.6
2016,3,12,16
2016,3,13,19.4
2016,3,14,17.6
2016,3,15,17.4
2016,3,16,18
2016,3,17,21.4
2016,3,18,26
2016,3,19,27.8
2016,3,20,24.3
2016,3,21,22.3
2016,3,22,19.4
2016,3,23,23.8
2016,3,24,20.2
2016,3,25,16.9
2016,3,26,21.5
2016,3,27,21.9
2016,3,28,21.3
2016,3,29,22.6
2016,3,30,23
2016,3,31,26.9
2016,4,1,27.3
2016,4,2,26.2
2016,4,3,28.4
2016,4,4,28.8
2016,4,5,28.1
2016,4,6,28.7
2016,4,7,29
2016,4,8,30.2
2016,4,9,29.3
2016,4,10,27.6
2016,4,11,25.1
2016,4,12,27.1
2016,4,13,27.9
2016,4,14,27.8
2016,4,15,26.4
2016,4,16,30.2
2016,4,17,30
2016,4,18,27.4
2016,4,19,23.1
2016,4,20,28
2016,4,21,29.8
2016,4,22,27.3
2016,4,23,29.9
2016,4,24,29.2
2016,4,25,30.3
2016,4,26,30.4
2016,4,27,30
2016,4,28,29.5
2016,4,29,28.3
2016,4,30,26.5
2016,5,1,28.3
2016,5,2,30.8
2016,5,3,31.4
2016,5,4,30.7
2016,5,5,32
2016,5,6,31.8
2016,5,7,32
2016,5,8,31.6
2016,5,9,31.6
2016,5,10,29.5
2016,5,11,29.3
2016,5,12,30.5
2016,5,13,29.4
2016,5,14,30.1
2016,5,15,31.6
2016,5,16,27.9
2016,5,17,27.3
2016,5,18,29
2016,5,19,30.9
2016,5,20,29
2016,5,21,30
2016,5,22,31.3
2016,5,23,31.4
2016,5,24,32.3
2016,5,25,33
2016,5,26,32.1
2016,5,27,30.8
2016,5,28,31.9
2016,5,29,32.7
2016,5,30,33.8
2016,5,31,33.9
2016,6,1,34.1
2016,6,2,34.8
2016,6,3,35
2016,6,4,35.2
2016,6,5,30.8
2016,6,6,30
2016,6,7,32
2016,6,8,32.1
2016,6,9,32.6
2016,6,10,32.2
2016,6,11,29.4
2016,6,12,30.7
2016,6,13,33.7
2016,6,14,32.6
2016,6,15,33.6
2016,6,16,32
2016,6,17,33.1
2016,6,18,34.3
2016,6,19,34.3
2016,6,20,34.5
2016,6,21,34.8
2016,6,22,35.5
2016,6,23,34.2
2016,6,24,36.1
2016,6,25,35.4
2016,6,26,35.5
2016,6,27,36.8
2016,6,28,32
2016,6,29,33.8
2016,6,30,30.1
2016,7,1,33.8
2016,7,2,34.3
2016,7,3,33.5
2016,7,4,31.9
2016,7,5,33.4
2016,7,6,30.9
2016,7,7,35.1
2016,7,8,35.9
2016,7,9,36.6
2016,7,10,32.6
2016,7,11,31.9
2016,7,12,30.4
2016,7,13,31.9
2016,7,14,31.8
2016,7,15,33.6
2016,7,16,34.5
2016,7,17,34.5
2016,7,18,34.3
2016,7,19,33
2016,7,20,33.5
2016,7,21,33.9
2016,7,22,35.4
2016,7,23,34.8
2016,7,24,35.6
2016,7,25,35.6
2016,7,26,35.3
2016,7,27,34.8
2016,7,28,35.5
2016,7,29,35.7
2016,7,30,36.7
2016,7,31,35
2016,8,1,34
2016,8,2,30.4
2016,8,3,29.7
2016,8,4,32.1
2016,8,5,33.3
2016,8,6,34.9
2016,8,7,35.3
2016,8,8,35.1
2016,8,9,33.9
2016,8,10,31.1
2016,8,11,30.5
2016,8,12,31.1
2016,8,13,33
2016,8,14,32.7
2016,8,15,29.7
2016,8,16,28.6
2016,8,17,30.4
2016,8,18,30.6
2016,8,19,33.1
2016,8,20,34.2
2016,8,21,30.8
2016,8,22,34.4
2016,8,23,34.1
2016,8,24,34.3
2016,8,25,34.7
2016,8,26,35.6
2016,8,27,34.3
2016,8,28,32
2016,8,29,30.3
2016,8,30,31.6
2016,8,31,32.3
2016,9,1,31.5
2016,9,2,32.4
2016,9,3,33.3
2016,9,4,32.7
2016,9,5,31.6
2016,9,6,29.7
2016,9,7,29.2
2016,9,8,31.3
2016,9,9,30.4
2016,9,10,28.8
2016,9,11,32.5
2016,9,12,32.9
2016,9,13,33
2016,9,14,32.7
2016,9,15,33.7
2016,9,16,33.4
2016,9,17,34.3
2016,9,18,32.4
2016,9,19,32.8
2016,9,20,29.7
2016,9,21,32.5
2016,9,22,31.5
2016,9,23,32.2
2016,9,24,32.9
2016,9,25,32.5
2016,9,26,32.7
2016,9,27,35.3
2016,9,28,33
2016,9,29,29.8
2016,9,30,25.5
2016,10,1,29.8
2016,10,2,31.5
2016,10,3,32.2
2016,10,4,32.5
2016,10,5,31.9
2016,10,6,32.5
2016,10,7,31.9
2016,10,8,32.3
2016,10,9,29.9
2016,10,10,31.3
2016,10,11,27.8
2016,10,12,26.1
2016,10,13,29.9
2016,10,14,32.3
2016,10,15,31.4
2016,10,16,32.1
2016,10,17,31.4
2016,10,18,27.6
2016,10,19,28.8
2016,10,20,31.1
2016,10,21,28.2
2016,10,22,31.3
2016,10,23,31.3
2016,10,24,31.4
2016,10,25,32.2
2016,10,26,32
2016,10,27,31.3
2016,10,28,32.2
2016,10,29,31.6
2016,10,30,27.7
2016,10,31,29.3
2016,11,1,26.9
2016,11,2,26.3
2016,11,3,26.1
2016,11,4,25.8
2016,11,5,27.7
2016,11,6,28.2
2016,11,7,30.2
2016,11,8,29
2016,11,9,22.9
2016,11,10,18.8
2016,11,11,23.3
2016,11,12,28
2016,11,13,30.1
2016,11,14,29.4
2016,11,15,31.2
2016,11,16,29
2016,11,17,29.5
2016,11,18,29.1
2016,11,19,30.6
2016,11,20,30.6
2016,11,21,29.1
2016,11,22,25.9
2016,11,23,23.2
2016,11,24,20.2
2016,11,25,23.3
2016,11,26,20.6
2016,11,27,21.1
2016,11,28,23
2016,11,29,21
2016,11,30,23.2
2016,12,1,23.4
2016,12,2,24
2016,12,3,24
2016,12,4,25.8
2016,12,5,26.8
2016,12,6,24.7
2016,12,7,22.9
2016,12,8,22.5
2016,12,9,24.1
2016,12,10,24.8
2016,12,11,24.4
2016,12,12,27.1
2016,12,13,26.9
2016,12,14,23.9
2016,12,15,21.4
2016,12,16,18.8
2016,12,17,20.2
2016,12,18,24.3
2016,12,19,27.4
2016,12,20,27.1
2016,12,21,24.5
2016,12,22,24.8
2016,12,23,22.4
2016,12,24,20.3
2016,12,25,23.1
2016,12,26,24.8
2016,12,27,19.4
2016,12,28,17.1
2016,12,29,19.1
2016,12,30,19.5
2016,12,31,21.6
2017,1,1,23.7
2017,1,2,24.2
2017,1,3,24.8
2017,1,4,26
2017,1,5,25.5
2017,1,6,26.5
2017,1,7,27
2017,1,8,26.1
2017,1,9,23.3
2017,1,10,24
2017,1,11,22.3
2017,1,12,21.4
2017,1,13,16.3
2017,1,14,17.9
2017,1,15,16.5
2017,1,16,18.8
2017,1,17,21.3
2017,1,18,21.2
2017,1,19,22.5
2017,1,20,20.7
2017,1,21,19.8
2017,1,22,19.7
2017,1,23,22
2017,1,24,22
2017,1,25,22.4
2017,1,26,21.1
2017,1,27,22.1
2017,1,28,21.8
2017,1,29,22.3
2017,1,30,23.3
2017,1,31,19.6
2017,2,1,23.3
2017,2,2,20.1
2017,2,3,21.1
2017,2,4,24.7
2017,2,5,23.2
2017,2,6,23.9
2017,2,7,21.3
2017,2,8,22.1
2017,2,9,16.4
2017,2,10,15.3
2017,2,11,17.3
2017,2,12,19
2017,2,13,20.2
2017,2,14,23.4
2017,2,15,23
2017,2,16,23.3
2017,2,17,25.1
2017,2,18,26.6
2017,2,19,21
2017,2,20,25.7
2017,2,21,22.7
2017,2,22,25.2
2017,2,23,22.5
2017,2,24,13.3
2017,2,25,12.9
2017,2,26,17.4
2017,2,27,21.1
2017,2,28,23.1
2017,3,1,21.6
2017,3,2,23.8
2017,3,3,22.6
2017,3,4,24.8
2017,3,5,24.4
2017,3,6,22.3
2017,3,7,21.1
2017,3,8,18.1
2017,3,9,20.4
2017,3,10,23.9
2017,3,11,20.2
2017,3,12,22.7
2017,3,13,27
2017,3,14,24.2
2017,3,15,19.7
2017,3,16,20.7
2017,3,17,22.9
2017,3,18,23.6
2017,3,19,24.8
2017,3,20,27.8
2017,3,21,27.6
2017,3,22,21.3
2017,3,23,25.5
2017,3,24,25.9
2017,3,25,24.2
2017,3,26,17.7
2017,3,27,24.5
2017,3,28,26.1
2017,3,29,27.4
2017,3,30,27.2
2017,3,31,25.4
2017,4,1,23
2017,4,2,25.1
2017,4,3,25.3
2017,4,4,26.6
2017,4,5,27.5
2017,4,6,26.6
2017,4,7,28.3
2017,4,8,28.3
2017,4,9,30
2017,4,10,29.5
2017,4,11,29.9
2017,4,12,22.1
2017,4,13,21.7
2017,4,14,25.3
2017,4,15,29.3
2017,4,16,30.2
2017,4,17,30.4
2017,4,18,31.3
2017,4,19,31.4
2017,4,20,29
2017,4,21,30.7
2017,4,22,23.9
2017,4,23,22.9
2017,4,24,24.7
2017,4,25,25.1
2017,4,26,28.9
2017,4,27,25.6
2017,4,28,25.7
2017,4,29,27.4
2017,4,30,28.2
2017,5,1,29.2
2017,5,2,29.5
2017,5,3,30.1
2017,5,4,28.3
2017,5,5,29.4
2017,5,6,31.4
2017,5,7,29.6
2017,5,8,30.1
2017,5,9,29
2017,5,10,29.7
2017,5,11,31.4
2017,5,12,31.2
2017,5,13,27.8
2017,5,14,30.5
2017,5,15,28.1
2017,5,16,28.8
2017,5,17,30.3
2017,5,18,29.7
2017,5,19,27.8
2017,5,20,27.3
2017,5,21,27.3
2017,5,22,28
2017,5,23,32
2017,5,24,28.4
2017,5,25,28.5
2017,5,26,27.8
2017,5,27,31.7
2017,5,28,31.4
2017,5,29,31.4
2017,5,30,30.9
2017,5,31,34.4
2017,6,1,32.7
2017,6,2,33.6
2017,6,3,35.9
2017,6,4,34.5
2017,6,5,33.4
2017,6,6,33.8
2017,6,7,33.7
2017,6,8,34.2
2017,6,9,32.7
2017,6,10,33.3
2017,6,11,34.1
2017,6,12,32.9
2017,6,13,30.1
2017,6,14,30.8
2017,6,15,32.6
2017,6,16,31.7
2017,6,17,28.2
2017,6,18,28.8
2017,6,19,30.3
2017,6,20,30.1
2017,6,21,31.8
2017,6,22,32.8
2017,6,23,32.5
2017,6,24,32.3
2017,6,25,33.1
2017,6,26,33.8
2017,6,27,32.8
2017,6,28,33.6
2017,6,29,34.2
2017,6,30,34.3
2017,7,1,33.6
2017,7,2,31.4
2017,7,3,30.5
2017,7,4,31.6
2017,7,5,33.4
2017,7,6,31.5
2017,7,7,31.1
2017,7,8,30.7
2017,7,9,32.9
2017,7,10,32.3
2017,7,11,33.2
2017,7,12,34.7
2017,7,13,34.9
2017,7,14,34.4
2017,7,15,34.5
2017,7,16,31.5
2017,7,17,30.1
2017,7,18,28.8
2017,7,19,32.1
2017,7,20,33.2
2017,7,21,34.7
2017,7,22,34.6
2017,7,23,30.5
2017,7,24,32.6
2017,7,25,34.4
2017,7,26,33.9
2017,7,27,33.7
2017,7,28,36
2017,7,29,36.4
2017,7,30,37.7
2017,7,31,34.6
2017,8,1,35.6
2017,8,2,33.3
2017,8,3,31.9
2017,8,4,30.8
2017,8,5,34.1
2017,8,6,34.7
2017,8,7,35.4
2017,8,8,34.4
2017,8,9,32.4
2017,8,10,32.7
2017,8,11,33.7
2017,8,12,33.6
2017,8,13,33.8
2017,8,14,34.3
2017,8,15,34.4
2017,8,16,32.7
2017,8,17,33.5
2017,8,18,35.1
2017,8,19,35.4
2017,8,20,35.3
2017,8,21,37.5
2017,8,22,37.5
2017,8,23,30.3
2017,8,24,33.4
2017,8,25,33.9
2017,8,26,36.1
2017,8,27,28.9
2017,8,28,28.9
2017,8,29,33.1
2017,8,30,34.3
2017,8,31,33.4
2017,9,1,33.6
2017,9,2,32.9
2017,9,3,32.1
2017,9,4,29.4
2017,9,5,32.4
2017,9,6,33.5
2017,9,7,32.3
2017,9,8,32.3
2017,9,9,32.1
2017,9,10,33.5
2017,9,11,33.5
2017,9,12,34.8
2017,9,13,35
2017,9,14,33.6
2017,9,15,33.4
2017,9,16,35
2017,9,17,35.3
2017,9,18,34.5
2017,9,19,33.7
2017,9,20,33.1
2017,9,21,33
2017,9,22,33.1
2017,9,23,33.5
2017,9,24,32.1
2017,9,25,33.1
2017,9,26,34.3
2017,9,27,34.5
2017,9,28,33.9
2017,9,29,34.3
2017,9,30,32.4
2017,10,1,33
2017,10,2,34.7
2017,10,3,34.5
2017,10,4,33.1
2017,10,5,32.5
2017,10,6,33.3
2017,10,7,34.1
2017,10,8,33.9
2017,10,9,34.5
2017,10,10,35.2
2017,10,11,35
2017,10,12,35.2
2017,10,13,30.9
2017,10,14,27
2017,10,15,28.3
2017,10,16,30.4
2017,10,17,29.1
2017,10,18,30.6
2017,10,19,27.9
2017,10,20,29
2017,10,21,27.7
2017,10,22,26.8
2017,10,23,27.5
2017,10,24,28.4
2017,10,25,29
2017,10,26,29
2017,10,27,29.3
2017,10,28,28.8
2017,10,29,28.9
2017,10,30,27
2017,10,31,25.9
2017,11,1,27.9
2017,11,2,29.2
2017,11,3,30.3
2017,11,4,27.8
2017,11,5,27.5
2017,11,6,26.6
2017,11,7,25.9
2017,11,8,26.8
2017,11,9,29.5
2017,11,10,29.1
2017,11,11,29.4
2017,11,12,25.4
2017,11,13,25
2017,11,14,27.9
2017,11,15,26
2017,11,16,28.9
2017,11,17,29.9
2017,11,18,28
2017,11,19,21.7
2017,11,20,21
2017,11,21,21.4
2017,11,22,22.1
2017,11,23,21.5
2017,11,24,19.9
2017,11,25,19.8
2017,11,26,22.7
2017,11,27,23.7
2017,11,28,25.6
2017,11,29,27.9
2017,11,30,26.4
2017,12,1,25.1
2017,12,2,23.3
2017,12,3,23
2017,12,4,22.7
2017,12,5,21.7
2017,12,6,23.3
2017,12,7,22.6
2017,12,8,21.9
2017,12,9,19.4
2017,12,10,21.5
2017,12,11,21.7
2017,12,12,22.8
2017,12,13,21.4
2017,12,14,22.9
2017,12,15,23.1
2017,12,16,18
2017,12,17,14
2017,12,18,16.2
2017,12,19,17.5
2017,12,20,19.9
2017,12,21,20.2
2017,12,22,21.9
2017,12,23,22.6
2017,12,24,23.9
2017,12,25,21.1
2017,12,26,23.3
2017,12,27,23.3
2017,12,28,21.7
2017,12,29,24.5
2017,12,30,23.7
2017,12,31,22.1
2018,1,1,20.3
2018,1,2,22.4
2018,1,3,25.4
2018,1,4,23.1
2018,1,5,23
2018,1,6,18.1
2018,1,7,19.6
2018,1,8,21.1
2018,1,9,11.5
2018,1,10,16
2018,1,11,17.7
2018,1,12,17.1
2018,1,13,17.3
2018,1,14,19.7
2018,1,15,19.3
2018,1,16,22.4
2018,1,17,23.8
2018,1,18,22.2
2018,1,19,21.2
2018,1,20,23.9
2018,1,21,22.6
2018,1,22,24.2
2018,1,23,22.2
2018,1,24,21.8
2018,1,25,21.4
2018,1,26,22.7
2018,1,27,19
2018,1,28,18.7
2018,1,29,9.6
2018,1,30,9.8
2018,1,31,9.8
2018,2,1,13.5
2018,2,2,13.5
2018,2,3,13.5
2018,2,4,12.3
2018,2,5,12.2
2018,2,6,16.7
2018,2,7,15.9
2018,2,8,17.6
2018,2,9,19.2
2018,2,10,22.4
2018,2,11,17.8
2018,2,12,18.4
2018,2,13,19.6
2018,2,14,22.2
2018,2,15,25.7
2018,2,16,26.5
2018,2,17,21.2
2018,2,18,22.3
2018,2,19,26.4
2018,2,20,25.4
2018,2,21,21.9
2018,2,22,18.3
2018,2,23,17.8
2018,2,24,21.6
2018,2,25,22.2
2018,2,26,20.3
2018,2,27,22.5
2018,2,28,26.6
2018,3,1,24.8
2018,3,2,26.9
2018,3,3,27.7
2018,3,4,26.8
2018,3,5,29.5
2018,3,6,25.5
2018,3,7,24
2018,3,8,21.9
2018,3,9,19.6
2018,3,10,20.9
2018,3,11,23.4
2018,3,12,24.8
2018,3,13,26.3
2018,3,14,23.9
2018,3,15,24.6
2018,3,16,26.2
2018,3,17,23.3
2018,3,18,27.3
2018,3,19,27.3
2018,3,20,23.9
2018,3,21,23.6
2018,3,22,23.2
2018,3,23,25.5
2018,3,24,25.5
2018,3,25,26.2
2018,3,26,26.9
2018,3,27,26.7
2018,3,28,27.4
2018,3,29,26.9
2018,3,30,28.2
2018,3,31,29
2018,4,1,28
2018,4,2,29.2
2018,4,3,29.3
2018,4,4,29.4
2018,4,5,30
2018,4,6,27.3
2018,4,7,21.3
2018,4,8,24.6
2018,4,9,27.1
2018,4,10,28
2018,4,11,28.6
2018,4,12,30.6
2018,4,13,30
2018,4,14,30.4
2018,4,15,23.8
2018,4,16,18.9
2018,4,17,22.8
2018,4,18,26.5
2018,4,19,28.4
2018,4,20,28.1
2018,4,21,29.8
2018,4,22,30.2
2018,4,23,30.4
2018,4,24,27.3
2018,4,25,25.7
2018,4,26,26
2018,4,27,28.4
2018,4,28,29.3
2018,4,29,29.8
2018,4,30,30.7
2018,5,1,31.1
2018,5,2,33
2018,5,3,32.4
2018,5,4,28.4
2018,5,5,31
2018,5,6,31.9
2018,5,7,33.3
2018,5,8,27.8
2018,5,9,26.8
2018,5,10,26.9
2018,5,11,28.8
2018,5,12,31.7
2018,5,13,32.3
2018,5,14,33.7
2018,5,15,32.5
2018,5,16,32
2018,5,17,34
2018,5,18,34.9
2018,5,19,35.3
2018,5,20,35.2
2018,5,21,34.8
2018,5,22,35.2
2018,5,23,35.9
2018,5,24,34.4
2018,5,25,35.2
2018,5,26,35.4
2018,5,27,35.7
2018,5,28,34.9
2018,5,29,35.6
2018,5,30,36.8
2018,5,31,36.2
2018,6,1,35.9
2018,6,2,34.5
2018,6,3,33.9
2018,6,4,32.5
2018,6,5,30.9
2018,6,6,29.6
2018,6,7,29.4
2018,6,8,29.7
2018,6,9,31.8
2018,6,10,33.3
2018,6,11,34.4
2018,6,12,30.8
2018,6,13,29.1
2018,6,14,29.7
2018,6,15,30.1
2018,6,16,32.8
2018,6,17,33.9
2018,6,18,33.4
2018,6,19,33.8
2018,6,20,33.9
2018,6,21,33.8
2018,6,22,32.2
2018,6,23,30.7
2018,6,24,32.6
2018,6,25,30.9
2018,6,26,32.4
2018,6,27,33.3
2018,6,28,34.1
2018,6,29,33.8
2018,6,30,34.4
2018,7,1,34.6
2018,7,2,33.4
2018,7,3,32.7
2018,7,4,33.9
2018,7,5,33.4
2018,7,6,34.2
2018,7,7,32.8
2018,7,8,33.3
2018,7,9,33.8
2018,7,10,34.2
2018,7,11,34.7
2018,7,12,34.4
2018,7,13,29.8
2018,7,14,29.6
2018,7,15,28.6
2018,7,16,32.4
2018,7,17,35.9
2018,7,18,31.5
2018,7,19,31.8
2018,7,20,33.3
2018,7,21,33.8
2018,7,22,33.7
2018,7,23,32.4
2018,7,24,31.3
2018,7,25,33.2
2018,7,26,33.5
2018,7,27,33.3
2018,7,28,33.7
2018,7,29,33.6
2018,7,30,34.7
2018,7,31,34.6
2018,8,1,34.4
2018,8,2,34.1
2018,8,3,34.1
2018,8,4,35.1
2018,8,5,35.1
2018,8,6,34.7
2018,8,7,34.6
2018,8,8,36.1
2018,8,9,35.9
2018,8,10,30.5
2018,8,11,29.4
2018,8,12,29.4
2018,8,13,34.4
2018,8,14,31.9
2018,8,15,31.8
2018,8,16,31.6
2018,8,17,29.1
2018,8,18,32.5
2018,8,19,32.4
2018,8,20,31.6
2018,8,21,32.4
2018,8,22,33.3
2018,8,23,32.3
2018,8,24,33.8
2018,8,25,34.3
2018,8,26,33
2018,8,27,30.6
2018,8,28,30.4
2018,8,29,30.7
2018,8,30,29.9
2018,8,31,30.3
2018,9,1,28.5
2018,9,2,30.3
2018,9,3,32.1
2018,9,4,33.1
2018,9,5,34.3
2018,9,6,33.8
2018,9,7,33.1
2018,9,8,30.9
2018,9,9,30.4
2018,9,10,30.9
2018,9,11,32.3
2018,9,12,31.1
2018,9,13,32.2
2018,9,14,33.8
2018,9,15,36.5
2018,9,16,33.7
2018,9,17,30.6
2018,9,18,32.6
2018,9,19,32.3
2018,9,20,32.5
2018,9,21,32.7
2018,9,22,32.4
2018,9,23,32.9
2018,9,24,31.1
2018,9,25,31.8
2018,9,26,31.4
2018,9,27,31
2018,9,28,29.9
2018,9,29,31.1
2018,9,30,31.3
2018,10,1,31.7
2018,10,2,32
2018,10,3,30.9
2018,10,4,30.9
2018,10,5,30.7
2018,10,6,30.2
2018,10,7,31.1
2018,10,8,32.5
2018,10,9,30.4
2018,10,10,29.7
2018,10,11,24.8
2018,10,12,27.6
2018,10,13,28.7
2018,10,14,29.1
2018,10,15,31
2018,10,16,27
2018,10,17,24.9
2018,10,18,25.3
2018,10,19,28.6
2018,10,20,26.7
2018,10,21,30.1
2018,10,22,30
2018,10,23,27.6
2018,10,24,27.7
2018,10,25,28.9
2018,10,26,29.4
2018,10,27,29.1
2018,10,28,27.6
2018,10,29,30.9
2018,10,30,30.4
2018,10,31,28.6
2018,11,1,28.6
2018,11,2,23
2018,11,3,23.9
2018,11,4,27.6
2018,11,5,29.8
2018,11,6,29.8
2018,11,7,30.3
2018,11,8,26.4
2018,11,9,29.5
2018,11,10,27
2018,11,11,28.8
2018,11,12,28.8
2018,11,13,27.2
2018,11,14,27.6
2018,11,15,26.7
2018,11,16,27.8
2018,11,17,26.2
2018,11,18,29.5
2018,11,19,25.2
2018,11,20,26.4
2018,11,21,29.4
2018,11,22,23.8
2018,11,23,23.7
2018,11,24,25.9
2018,11,25,22.8
2018,11,26,22.1
2018,11,27,22.9
2018,11,28,23.1
2018,11,29,26.6
2018,11,30,26.2
2018,12,1,27.7
2018,12,2,27.5
2018,12,3,27.3
2018,12,4,28
2018,12,5,26.5
2018,12,6,27.3
2018,12,7,24.4
2018,12,8,19
2018,12,9,16.6
2018,12,10,17.1
2018,12,11,18.7
2018,12,12,15.1
2018,12,13,16.6
2018,12,14,18
2018,12,15,21.3
2018,12,16,19.5
2018,12,17,21.9
2018,12,18,22.6
2018,12,19,24.4
2018,12,20,27.1
2018,12,21,29
2018,12,22,26.1
2018,12,23,24.4
2018,12,24,19.1
2018,12,25,21.3
2018,12,26,24.5
2018,12,27,22.7
2018,12,28,21.6
2018,12,29,16
2018,12,30,13.9
2018,12,31,13.3
2019,1,1,15.2
2019,1,2,15.5
2019,1,3,17.6
2019,1,4,20.7
2019,1,5,19.8
2019,1,6,21
2019,1,7,21.1
2019,1,8,19.9
2019,1,9,22.1
2019,1,10,22.7
2019,1,11,25.3
2019,1,12,22.6
2019,1,13,21.8
2019,1,14,21.6
2019,1,15,21.5
2019,1,16,19.5
2019,1,17,19.5
2019,1,18,19.2
2019,1,19,22.9
2019,1,20,24.5
2019,1,21,20.8
2019,1,22,19
2019,1,23,19.5
2019,1,24,21
2019,1,25,23.2
2019,1,26,22.3
2019,1,27,20.5
2019,1,28,22.3
2019,1,29,23.4
2019,1,30,23.7
2019,1,31,25
2019,2,1,21.6
2019,2,2,24.7
2019,2,3,26.4
2019,2,4,25.8
2019,2,5,26
2019,2,6,26.6
2019,2,7,27.9
2019,2,8,28
2019,2,9,24.4
2019,2,10,21.6
2019,2,11,20.4
2019,2,12,23.2
2019,2,13,24.3
2019,2,14,26.2
2019,2,15,24.9
2019,2,16,28.1
2019,2,17,22.2
2019,2,18,20.8
2019,2,19,26.4
2019,2,20,26.2
2019,2,21,27.2
2019,2,22,22.3
2019,2,23,21.7
2019,2,24,17.9
2019,2,25,17.9
2019,2,26,22.4
2019,2,27,26.6
2019,2,28,27.8
2019,3,1,24.4
2019,3,2,27.2
2019,3,3,24.1
2019,3,4,25.2
2019,3,5,26.9
2019,3,6,25.1
2019,3,7,21
2019,3,8,19.1
2019,3,9,20.2
2019,3,10,18.6
2019,3,11,21.2
2019,3,12,24
2019,3,13,25.6
2019,3,14,22.5
2019,3,15,20.4
2019,3,16,24.4
2019,3,17,25.3
2019,3,18,24.9
2019,3,19,28.7
2019,3,20,27.9
2019,3,21,29.1
2019,3,22,27.9
2019,3,23,26.1
2019,3,24,19.5
2019,3,25,21.5
2019,3,26,26.7
2019,3,27,27.2
2019,3,28,28.4
2019,3,29,28.1
2019,3,30,25.9
2019,3,31,25
2019,4,1,22.6
2019,4,2,25.5
2019,4,3,28.3
2019,4,4,26
2019,4,5,28.1
2019,4,6,30
2019,4,7,30
2019,4,8,30.9
2019,4,9,30.3
2019,4,10,31.4
2019,4,11,31.9
2019,4,12,24.7
2019,4,13,23.6
2019,4,14,27.3
2019,4,15,26.2
2019,4,16,23.8
2019,4,17,27.6
2019,4,18,26.8
2019,4,19,30.6
2019,4,20,28.8
2019,4,21,30.3
2019,4,22,31.2
2019,4,23,32.1
2019,4,24,31.7
2019,4,25,32.3
2019,4,26,31.9
2019,4,27,28.4
2019,4,28,29.4
2019,4,29,30.3
2019,4,30,30.1
2019,5,1,27.4
2019,5,2,25.5
2019,5,3,25.3
2019,5,4,25.1
2019,5,5,23.8
2019,5,6,24.9
2019,5,7,23
2019,5,8,22.7
2019,5,9,27.4
2019,5,10,28.2
2019,5,11,29.3
2019,5,12,30.9
2019,5,13,30.3
2019,5,14,31.4
2019,5,15,32.1
2019,5,16,33.9
2019,5,17,33.3
2019,5,18,34.1
2019,5,19,34.7
2019,5,20,34.7
2019,5,21,28.2
2019,5,22,31
2019,5,23,30.1
2019,5,24,28.8
2019,5,25,31
2019,5,26,29.4
2019,5,27,28.9
2019,5,28,28.7
2019,5,29,27.8
2019,5,30,27.5
2019,5,31,28.4
2019,6,1,32.3
2019,6,2,32.2
2019,6,3,31.4
2019,6,4,32.5
2019,6,5,32.8
2019,6,6,33.6
2019,6,7,33.7
2019,6,8,34
2019,6,9,33.5
2019,6,10,33.4
2019,6,11,30.9
2019,6,12,33.1
2019,6,13,32.1
2019,6,14,32.1
2019,6,15,32.8
2019,6,16,31.9
2019,6,17,31.7
2019,6,18,32
2019,6,19,33.4
2019,6,20,33.9
2019,6,21,34.4
2019,6,22,34.5
2019,6,23,32.9
2019,6,24,32.6
2019,6,25,31.9
2019,6,26,32.5
2019,6,27,33.9
2019,6,28,33.4
2019,6,29,34
2019,6,30,33.7
2019,7,1,34.7
2019,7,2,34.1
2019,7,3,30.2
2019,7,4,32.7
2019,7,5,33.1
2019,7,6,33.2
2019,7,7,32.6
2019,7,8,33.1
2019,7,9,33.1
2019,7,10,30.6
2019,7,11,33
2019,7,12,33.2
2019,7,13,33.7
2019,7,14,33.7
2019,7,15,34.9
2019,7,16,34.8
2019,7,17,35.8
2019,7,18,37.2
2019,7,19,35.2
2019,7,20,33.4
2019,7,21,32.7
2019,7,22,32.1
2019,7,23,33.5
2019,7,24,33.5
2019,7,25,34.2
2019,7,26,34.7
2019,7,27,35.1
2019,7,28,32.3
2019,7,29,33.9
2019,7,30,33.5
2019,7,31,29.3
2019,8,1,28.6
2019,8,2,31.4
2019,8,3,29.9
2019,8,4,32.3
2019,8,5,33.6
2019,8,6,33.4
2019,8,7,34.1
2019,8,8,34.9
2019,8,9,35.7
2019,8,10,34.9
2019,8,11,34.7
2019,8,12,35.4
2019,8,13,35.5
2019,8,14,34.3
2019,8,15,34.2
2019,8,16,33.9
2019,8,17,31.7
2019,8,18,32.5
2019,8,19,33
2019,8,20,33.3
2019,8,21,34.5
2019,8,22,34
2019,8,23,32.3
2019,8,24,35.5
2019,8,25,33.1
2019,8,26,31.5
2019,8,27,32.5
2019,8,28,34.4
2019,8,29,33.2
2019,8,30,30.1
2019,8,31,32.8
2019,9,1,33.3
2019,9,2,29.5
2019,9,3,32.7
2019,9,4,30.5
2019,9,5,32.4
2019,9,6,34
2019,9,7,34.4
2019,9,8,34.9
2019,9,9,33.9
2019,9,10,34.3
2019,9,11,34.4
2019,9,12,34.6
2019,9,13,33.5
2019,9,14,34.1
2019,9,15,33.4
2019,9,16,31.9
2019,9,17,31.8
2019,9,18,33.5
2019,9,19,32.5
2019,9,20,33
2019,9,21,31.8
2019,9,22,31.5
2019,9,23,32.4
2019,9,24,32
2019,9,25,31.2
2019,9,26,31.3
2019,9,27,31.7
2019,9,28,32.1
2019,9,29,33.4
2019,9,30,34.4
2019,10,1,35
2019,10,2,33.6
2019,10,3,32.8
2019,10,4,33.4
2019,10,5,33.5
2019,10,6,30.7
2019,10,7,31.2
2019,10,8,33.2
2019,10,9,32.3
2019,10,10,31.6
2019,10,11,32.4
2019,10,12,32.8
2019,10,13,30.4
2019,10,14,29.6
2019,10,15,30.8
2019,10,16,30.4
2019,10,17,30.3
2019,10,18,29.3
2019,10,19,29.2
2019,10,20,29.4
2019,10,21,28.8
2019,10,22,29.5
2019,10,23,29.6
2019,10,24,30.4
2019,10,25,30.3
2019,10,26,30
2019,10,27,28.7
2019,10,28,28.4
2019,10,29,26.2
2019,10,30,28.2
2019,10,31,29.1
2019,11,1,31.2
2019,11,2,29.8
2019,11,3,31.1
2019,11,4,29.9
2019,11,5,28.9
2019,11,6,27.4
2019,11,7,28.5
2019,11,8,27.8
2019,11,9,28
2019,11,10,27.7
2019,11,11,28.2
2019,11,12,27.4
2019,11,13,28.5
2019,11,14,25.9
2019,11,15,26.9
2019,11,16,27.7
2019,11,17,27.8
2019,11,18,28.7
2019,11,19,23.2
2019,11,20,23.6
2019,11,21,25.4
2019,11,22,26.6
2019,11,23,27.3
2019,11,24,27.7
2019,11,25,29.9
2019,11,26,25.7
2019,11,27,27.1
2019,11,28,23.6
2019,11,29,22.7
2019,11,30,25.2
2019,12,1,25
2019,12,2,19.7
2019,12,3,20.5
2019,12,4,21.9
2019,12,5,19.7
2019,12,6,20.6
2019,12,7,21
2019,12,8,20
2019,12,9,22.8
2019,12,10,21.8
2019,12,11,23.1
2019,12,12,23.5
2019,12,13,24.9
2019,12,14,26
2019,12,15,22.5
2019,12,16,24.8
2019,12,17,26.6
2019,12,18,28.1
2019,12,19,23.6
2019,12,20,21.9
2019,12,21,21.5
2019,12,22,23.8
2019,12,23,24.1
2019,12,24,25
2019,12,25,24.9
2019,12,26,24.7
2019,12,27,21.2
2019,12,28,21.3
2019,12,29,21.2
2019,12,30,24.3
2019,12,31,21.9
